{"train_loss": [0.4648003399372101, 0.41040715873241423, 0.3866163522005081, 0.37469116002321246, 0.3676445081830025, 0.3632813274860382, 0.3630036190152168, 0.3622847393155098, 0.3581100106239319, 0.3593255326151848, 0.3609937891364098, 0.3579389721155167, 0.35876991152763366, 0.35605297386646273, 0.35424472391605377, 0.3487092360854149, 0.34906418472528455, 0.34779109954833987, 0.35156230330467225, 0.34453294426202774, 0.3448193684220314, 0.34087645560503005, 0.3372951582074165, 0.33366134762763977, 0.3341773569583893, 0.32936978042125703, 0.3211138010025024, 0.3275535821914673, 0.330775286257267, 0.3201353847980499, 0.33246185183525084, 0.3390544936060905, 0.33984350860118867, 0.34083672165870665, 0.3408264622092247, 0.338497619330883, 0.32972156554460524, 0.34224238991737366, 0.3310812696814537, 0.3269947648048401, 0.33235890716314315, 0.337828566133976, 0.321539306640625, 0.32566516250371935, 0.31752807945013045, 0.3260071396827698, 0.3198111101984978, 0.32396622002124786, 0.3186134725809097, 0.32115293592214583], "val_loss": [0.43125762939453127, 0.4019687235355377, 0.3766964733600616, 0.3735583484172821, 0.36394758224487306, 0.3580229163169861, 0.35653172731399535, 0.35325075387954713, 0.3522839605808258, 0.35204381346702573, 0.355279403924942, 0.3786838412284851, 0.3647861540317535, 0.5801030993461609, 0.5175689637660981, 0.4353864550590515, 0.5816578388214111, 0.4180986285209656, 0.3628473460674286, 0.3477949440479279, 0.3515642285346985, 0.33953688144683836, 0.33808575868606566, 0.3312867939472198, 0.333595997095108, 0.335770857334137, 0.33548485636711123, 0.33364484310150144, 0.3323746383190155, 0.3315434455871582, 0.342013943195343, 0.34591835737228394, 0.3559589684009552, 0.3401694595813751, 0.340920615196228, 0.34709855914115906, 0.33530390858650205, 0.342022567987442, 0.3375739216804504, 0.3429161608219147, 0.3519679069519043, 0.35340526700019836, 0.3475803852081299, 0.3467153012752533, 0.3391696333885193, 0.3358580946922302, 0.3309005796909332, 0.3354800343513489, 0.3272546589374542, 0.3381877303123474], "val_dice": [0.22723263502120972, 0.3604173004627228, 0.44229989051818847, 0.410114049911499, 0.46345210671424864, 0.47174655795097353, 0.4741287469863892, 0.4925084292888641, 0.49034788012504577, 0.49203439950942995, 0.4643885552883148, 0.24483545422554015, 0.3976442337036133, 0.12998823523521424, 0.10508841574192047, 0.30188730359077454, 0.07825108896940947, 0.1515231028199196, 0.2947405159473419, 0.3875675916671753, 0.3571725070476532, 0.44951181411743163, 0.4594165921211243, 0.4596322596073151, 0.4404914379119873, 0.42204206585884096, 0.43919302225112916, 0.4441731333732605, 0.43415631651878356, 0.4344057500362396, 0.44114263653755187, 0.423755818605423, 0.45901742577552795, 0.3697421133518219, 0.4394844651222229, 0.4316617786884308, 0.461405348777771, 0.4414141058921814, 0.48316010236740115, 0.4167951107025146, 0.4009223341941833, 0.4309306085109711, 0.41817715764045715, 0.4152472078800201, 0.441620010137558, 0.37666572332382203, 0.35151793956756594, 0.37033273577690123, 0.38170955181121824, 0.4708849251270294], "lr": [0.001, 0.0009755527298894294, 0.0009046039886902864, 0.0007940987335200904, 0.0006548539886902864, 0.0005005000000000001, 0.0003461460113097139, 0.00020690126647990973, 9.639601130971382e-05, 2.5447270110570814e-05, 0.001, 0.0009938503261272714, 0.0009755527298894294, 0.0009455577588320898, 0.0009046039886902864, 0.0008536998372026805, 0.0007940987335200904, 0.0007272682546199037, 0.0006548539886902864, 0.0005786390152875954, 0.0005005000000000001, 0.00042236098471240487, 0.0003461460113097139, 0.00027373174538009644, 0.00020690126647990973, 0.00014730016279731955, 9.639601130971382e-05, 5.544224116791029e-05, 2.5447270110570814e-05, 7.149673872728739e-06, 0.001, 0.0009984602081996976, 0.0009938503261272714, 0.0009861987752386395, 0.0009755527298894294, 0.0009619778264893878, 0.0009455577588320898, 0.0009263937620948692, 0.0009046039886902864, 0.0008803227798172156, 0.0008536998372026805, 0.000824899300140927, 0.0007940987335200904, 0.0007614880330756165, 0.0007272682546199037, 0.0006916503744663625, 0.0006548539886902864, 0.0006171059592460249, 0.0005786390152875954, 0.0005396903183160586]}