{
  "train_loss": [
    2.297343,
    2.098927,
    1.997626,
    1.917587,
    1.84582,
    1.770378,
    1.683954,
    1.595286,
    1.486178,
    1.387166,
    1.267897,
    1.169868,
    1.064152,
    0.982615,
    0.898823,
    0.856283,
    0.807861,
    0.75298,
    0.716899,
    0.688716,
    0.684732,
    0.671266,
    0.659343,
    0.658345,
    0.643939
  ],
  "val_loss": [
    2.18461,
    2.021735,
    1.949406,
    1.895913,
    1.808818,
    1.740872,
    1.652863,
    1.569659,
    1.485326,
    1.361198,
    1.267753,
    1.177882,
    1.068735,
    0.972979,
    0.872019,
    0.835753,
    0.78995,
    0.721952,
    0.711039,
    0.701453,
    0.681917,
    0.66715,
    0.660215,
    0.652432,
    0.651331
  ],
  "val_dice": [
    0.228728,
    0.760344,
    0.853889,
    0.863698,
    0.900528,
    0.808291,
    0.918762,
    0.923052,
    0.915821,
    0.930075,
    0.926184,
    0.919535,
    0.928312,
    0.935722,
    0.927327,
    0.934779,
    0.932181,
    0.936055,
    0.933438,
    0.928005,
    0.937187,
    0.935069,
    0.934537,
    0.938111,
    0.937517
  ]
}