{
  "train_loss": [
    2.629383,
    2.461295,
    2.331717,
    2.156454,
    2.058449,
    1.93237,
    1.828262,
    1.771653,
    1.581039,
    1.529008,
    1.437099,
    1.417255,
    1.300203,
    1.331903,
    1.228158,
    1.187445,
    1.180463,
    1.090944,
    1.142022,
    1.119791,
    1.072819,
    1.12192,
    1.061343,
    1.060723,
    1.058029,
    1.025005,
    1.036821,
    1.101772,
    1.065459,
    1.109507
  ],
  "val_loss": [
    2.452605,
    2.315649,
    2.191525,
    2.073995,
    1.941755,
    1.829369,
    1.740083,
    1.636842,
    1.492826,
    1.42386,
    1.366534,
    1.335041,
    1.268126,
    1.214529,
    1.188846,
    1.159749,
    1.120752,
    1.114305,
    1.131957,
    1.097709,
    1.092459,
    1.07291,
    1.066406,
    1.059166,
    1.08132,
    1.048056,
    1.042888,
    1.06264,
    1.049014,
    1.035668
  ],
  "val_dice": [
    0.514177,
    0.532783,
    0.590445,
    0.59535,
    0.621777,
    0.660781,
    0.643253,
    0.692026,
    0.695228,
    0.698596,
    0.694033,
    0.687934,
    0.701605,
    0.703611,
    0.710185,
    0.713678,
    0.719428,
    0.72206,
    0.702566,
    0.711342,
    0.715192,
    0.717833,
    0.716506,
    0.721186,
    0.70969,
    0.724808,
    0.730734,
    0.720615,
    0.722717,
    0.733694
  ]
}