{
  "train_loss": [
    2.326291,
    2.028475,
    1.896662,
    1.797049,
    1.702963,
    1.659815,
    1.579131,
    1.56118,
    1.509362,
    1.475058,
    1.462605,
    1.451224,
    1.424951,
    1.406339,
    1.361179,
    1.37654,
    1.36082,
    1.341127,
    1.336013,
    1.342643,
    1.344214,
    1.3607,
    1.329898,
    1.325148,
    1.336197
  ],
  "val_loss": [
    2.288581,
    1.994366,
    1.920415,
    1.820913,
    1.729824,
    1.673183,
    1.604577,
    1.571256,
    1.555766,
    1.507712,
    1.460053,
    1.426961,
    1.420353,
    1.403724,
    1.41083,
    1.403042,
    1.402326,
    1.378693,
    1.387565,
    1.376888,
    1.372543,
    1.376491,
    1.378852,
    1.377624,
    1.378573
  ],
  "val_dice": [
    0.285796,
    0.46003,
    0.465063,
    0.498457,
    0.525566,
    0.529199,
    0.561124,
    0.553312,
    0.550976,
    0.565439,
    0.585913,
    0.591786,
    0.59239,
    0.59262,
    0.586948,
    0.587141,
    0.589425,
    0.597648,
    0.591973,
    0.594155,
    0.596368,
    0.594474,
    0.592858,
    0.593449,
    0.592495
  ]
}